{
  "project_info": {
    "project_number": "742530066783",
    "project_id": "seedhill-lf",
    "storage_bucket": "seedhill-lf.appspot.com"
  },
  "client": [
    {
      "client_info": {
        "mobilesdk_app_id": "1:742530066783:android:c76c8f05886d93b6c52eea",
        "android_client_info": {
          "package_name": "com.seed_hill.LOST_and_FOUND"
        }
      },
      "oauth_client": [
        {
          "client_id": "742530066783-efk93fq4tiosif45kv61fijb0vnqm7aq.apps.googleusercontent.com",
          "client_type": 3
        }
      ],
      "api_key": [
        {
          "current_key": "AIzaSyB8O6JHY80yco5Vb5QX7cTmkFLyfhtLQ9A"
        }
      ],
      "services": {
        "appinvite_service": {
          "other_platform_oauth_client": [
            {
              "client_id": "742530066783-efk93fq4tiosif45kv61fijb0vnqm7aq.apps.googleusercontent.com",
              "client_type": 3
            }
          ]
        }
      }
    }
  ],
  "configuration_version": "1"
}